name,date_of_birth,age,height,weight,spike,block,age_in_2018
Lenka Dürr,10/12/1990,30,171,59,280.0,270,28
Pia Kästner,29/06/1998,22,182,68,297.0,286,20
Denise Hanke,31/08/1989,31,183,73,297.0,284,29
Maren Fromm,10/07/1986,34,184,68,303.0,295,32
Jana Franziska Poll,07/05/1988,32,185,69,310.0,290,30
Jennifer Geerties,05/04/1994,26,184,58,298.0,288,24
Kathleen Weiß,02/02/1984,36,171,66,290.0,273,34
Kimberly Drewniok,11/08/1997,23,188,73,311.0,298,21
Nele Barber,27/10/1994,26,183,55,290.0,280,24
Lena Stigrot,20/12/1994,26,184,68,303.0,295,24
Louisa Lippmann,23/09/1994,26,191,78,319.0,312,24
Hanna Orthmann,03/10/1998,22,188,74,302.0,291,20
Saskia Hippe,16/01/1991,29,185,67,315.0,292,27
Marie Schölzel,01/08/1997,23,188,66,307.0,299,21
Barbara Roxana Wezorke,12/04/1993,27,185,75,305.0,290,25
Lisa Thomsen,20/08/1985,35,172,68,290.0,285,33
Anna Pogany,21/07/1994,26,170,60,280.0,270,24
Leonie Schwertmann,12/01/1994,26,190,80,300.0,290,24
Juliane Langgemach,06/11/1994,26,188,73,295.0,285,24
Ivana Vanjak,30/05/1995,25,190,70,315.0,306,23
Lisa Gründing,02/12/1991,29,186,68,303.0,291,27
Denise Imoudu,14/12/1995,25,180,67,290.0,280,23
Miyu Nagaoka,25/07/1991,29,179,64,308.0,303,27
Sarina Koga,21/05/1996,24,180,67,302.0,290,22
Nana Iwasaka,03/07/1990,30,187,75,297.0,293,28
Risa Shinnabe,11/07/1990,30,173,64,292.0,285,28
Erika Shinomiya,03/08/1984,36,186,81,302.0,297,34
Yuki Ishii,08/05/1991,29,180,68,305.0,287,27
Mami Uchiseto,25/10/1991,29,170,74,295.0,285,27
Haruyo Shimamura,04/03/1992,28,182,78,297.0,290,26
Koyomi Iwasaki,01/05/1989,31,175,68,295.0,280,29
Yurie Nabeya,15/12/1993,27,176,55,305.0,292,25
Miya Sato,07/03/1990,30,175,62,278.0,275,28
Mai Okumura,31/10/1990,30,177,69,295.0,285,28
Kotoe Inoue,15/02/1990,30,162,55,286.0,275,28
Mako Kobata,15/08/1992,28,164,56,285.0,274,26
Rika Nomoto,21/09/1991,29,180,72,308.0,291,27
Saori Takahashi,09/12/1992,28,177,66,307.0,290,26
Mari Horikawa,03/05/1992,28,183,72,301.0,288,26
Arisa Inoue,08/05/1995,25,178,66,300.0,285,23
Ai Kurogo,14/06/1998,22,180,69,306.0,295,20
Kanami Tashiro,25/03/1991,29,173,66,284.0,273,27
Akane Moriya,08/01/1991,29,165,55,280.0,260,27
Aika Akutagawa,03/04/1991,29,180,62,300.0,280,27
Uxue Amaya Guereca Parra,12/02/2001,19,176,64,270.0,259,17
Lizette Lopez Robles,14/05/1990,30,164,65,275.0,245,28
Sanay Sashiko,13/05/1995,25,170,63,305.0,298,23
Ana Nieto,18/01/1994,26,182,61,298.0,291,24
Andrea Rangel,19/05/1993,27,180,57,297.0,289,25
Samantha Bricio,22/11/1994,26,185,58,302.0,283,24
Natalie Nizeth Nava Minjarez,19/10/2000,20,180,76,295.0,288,18
Dulce Carranza,29/06/1990,30,178,83,275.0,252,28
Diana Valdez,11/01/1997,23,174,64,290.0,276,21
Lizbeth Sainz,14/12/1995,25,178,55,295.0,285,23
Jocelyn Urias,16/02/1996,24,190,65,296.0,284,22
Joseline Landeros Palacios,20/12/2000,20,169,60,265.0,249,18
Monica Moreno Hernandez,27/04/1995,25,185,83,292.0,289,23
Grecia Esther Castro López,05/03/2001,19,180,75,255.0,241,17
Ana Valle,31/05/1996,24,194,89,310.0,297,22
Melanie Guadalupe Parra Quintero,12/09/2002,18,176,50,249.0,242,16
Karina Angelica Flores Gamez,16/08/1998,22,192,80,299.0,285,20
Daniela Bernal Barraza,03/05/2000,20,180,73,262.0,254,18
Ivone Martinez,02/03/1997,23,172,56,310.0,302,21
Andrea Maldonado,08/09/1991,29,179,78,292.0,294,27
Renata López Morales,15/02/2001,19,185,74,291.0,283,17
Valeria Salinas González,02/06/2000,20,175,70,265.0,252,18
Kirsten Knip,14/09/1992,28,175,70,281.0,275,26
Femke Stoltenborg,30/07/1991,29,189,81,303.0,299,27
Yvon Belien,28/12/1993,27,188,73,307.0,303,25
Celeste Plak,26/10/1995,25,190,87,314.0,302,23
Robin De Kruijf,05/05/1991,29,192,81,313.0,300,27
Maret Balkestein-Grothues,16/09/1988,32,180,68,304.0,285,30
Juliet Lohuis,10/09/1996,24,190,77,305.0,295,22
Sarah Van Aalen,21/01/2000,20,183,68,300.0,293,18
Myrthe Schoot,29/08/1988,32,182,70,298.0,286,30
Lonneke Slöetjes,15/11/1990,30,191,76,322.0,315,28
Anne Buijs,02/12/1991,29,191,73,317.0,299,27
Britt Bongaerts,03/11/1996,24,185,68,296.0,284,22
Demi Korevaar,09/08/2000,20,187,71,311.0,303,18
Laura Dijkema,18/02/1990,30,184,70,293.0,279,28
Nicole Oude Luttikhuis,26/12/1997,23,191,82,312.0,305,21
Marrit Jasper,28/02/1996,24,180,75,300.0,285,22
Nika Daalderop,29/11/1998,22,189,72,317.0,308,20
Tessa Polder,10/10/1997,23,189,76,301.0,293,21
Dagmar Boom,01/05/2000,20,181,69,296.0,291,18
Nicole Koolhaas,31/01/1991,29,198,77,310.0,300,27
Indy Baijens,04/02/2001,19,190,67,317.0,312,17
Annick Meijers,23/03/2000,20,188,70,310.0,301,18
Gergana Dimitrova,28/02/1996,24,184,71,305.0,288,22
Nasya Dimitrova,06/11/1992,28,190,70,305.0,290,26
Kristiana Petrova,13/07/1997,23,177,70,290.0,282,21
Veselina Arshinkova,06/09/1995,25,194,80,303.0,292,23
Miroslava Paskova,16/02/1996,24,180,67,299.0,280,22
Lora Kitipova,19/05/1991,29,184,66,290.0,283,27
Petya Barakova,18/06/1994,26,180,76,283.0,271,24
Monika Krasteva,09/05/1999,21,183,64,292.0,285,19
Mira Todorova,12/04/1994,26,187,73,312.0,300,24
Hristina Ruseva,01/10/1991,29,190,77,305.0,290,27
Mariya Karakasheva,27/10/1988,32,182,68,295.0,290,30
Ivelina Monova,17/01/1986,34,173,58,285.0,280,32
Zhana Todorova,06/01/1997,23,170,56,271.0,255,21
Elitsa Vasileva,13/05/1990,30,190,73,302.0,290,28
Silvana Chausheva,19/05/1995,25,188,75,305.0,290,23
Kristina Guncheva,24/03/1994,26,178,61,282.0,271,24
Vangeliya Rachkovska,19/07/1997,23,185,67,296.0,281,21
Jessica Niles,14/07/1993,27,176,61,287.0,278,25
Autumn Bailey,02/06/1995,25,178,80,300.0,280,23
Kyla Richey,20/06/1989,31,188,83,309.0,292,29
Danielle Smith,29/04/1990,30,178,68,291.0,277,28
Alissa Coulter,27/10/1993,27,184,74,301.0,288,25
Brianna Beamish,04/09/1993,27,179,71,300.0,286,25
Alicia Ogoms,02/04/1994,26,194,82,315.0,305,24
Alexa Gray,07/08/1994,26,185,75,323.0,215,24
Anna Feore,23/11/1996,24,175,63,299.0,290,22
Jennifer Cross,04/07/1992,28,195,81,315.0,296,26
Lucille Charuk,13/08/1989,31,188,88,315.0,296,29
Kelsey Veltman,02/04/1996,24,189,78,310.0,295,22
Sarah Chase,08/10/1997,23,180,70,302.0,276,21
Shainah Joseph,15/05/1995,25,183,78,329.0,292,23
Kristen Moncks,31/07/1992,28,175,72,287.0,244,26
Kim Robitaille,16/10/1991,29,179,59,302.0,283,27
Marie-Alex Bélanger,13/04/1993,27,186,75,315.0,295,25
Alicia Perrin,01/06/1992,28,188,84,305.0,286,26
Mariah Walsh,09/10/1994,26,172,56,288.0,284,24
Megan Cyr,01/06/1990,30,182,75,297.0,282,28
Emily Maglio,13/11/1996,24,189,82,318.0,302,22
Kiera Van Ryk,06/01/1999,21,188,85,302.0,288,19
Xinyue Yuan,21/12/1996,24,201,78,317.0,311,22
Ting Zhu,29/11/1994,26,198,78,327.0,300,24
Fangxu Yang,06/10/1994,26,190,82,308.0,300,24
Hanyu Yang,12/10/1999,21,192,72,317.0,311,19
Mingyuan Hu,17/05/1996,24,187,69,305.0,297,22
Xiangyu Gong,21/04/1997,23,186,72,313.0,302,21
Luyao Xu,18/08/2000,20,192,90,305.0,295,18
Chunlei Zeng,03/11/1989,31,187,67,315.0,315,29
Changning Zhang,06/11/1995,25,193,80,315.0,303,23
Xiaotong Liu,16/02/1990,30,188,80,312.0,300,28
Di Yao,15/08/1992,28,182,65,306.0,298,26
Yingying Li,19/02/2000,20,192,71,302.0,294,18
Linyu Diao,07/04/1994,26,182,69,309.0,303,24
Yixin Zheng,06/05/1995,25,187,71,316.0,307,23
Li Lin,05/07/1992,28,171,65,294.0,294,26
Xia Ding,13/01/1990,30,180,67,305.0,300,28
Ni Yan,02/03/1987,33,192,74,317.0,306,31
Mengjie Wang,14/11/1995,25,172,65,289.0,280,23
Yanhan Liu,19/01/1993,27,188,75,315.0,305,25
Fang Duan,26/12/1994,26,186,73,301.0,296,24
Yi Gao,22/07/1998,22,193,66,304.0,298,20
Zixuan Meng,18/11/1996,24,180,62,298.0,290,22
Claudia Hernandez Aguila,09/01/1997,23,181,78,225.0,223,21
Regla Rainierys Gracia Gonzalez,28/05/1993,27,177,67,301.0,282,25
Lianny Tamayo Canton,30/04/1999,21,178,58,295.0,290,19
Yamila Hernandez Santas,08/11/1992,28,182,69,301.0,285,26
Daymara Lescay Cajigal,05/09/1992,28,184,72,310.0,305,26
Evilania Martinez Luis,11/01/2000,20,184,71,305.0,300,18
Diaris Perez Ramos,16/11/1998,22,182,75,304.0,295,20
Dayessi Luis Ruiz,23/10/1996,24,170,60,288.0,248,22
Emily Borrell Cruz,19/02/1992,28,167,55,270.0,260,26
Gretell Elena Moreno Borrero,30/01/1998,22,183,68,287.0,280,20
Ailama Cese Montalvo,29/10/2000,20,188,58,322.0,308,18
Yamisleydis Viltres Pacheco,26/07/2001,19,189,73,247.0,244,17
Jessica Aguilera Carbajal,25/05/1999,21,184,68,311.0,302,19
Kitania Medina Torres,24/02/1999,21,186,77,308.0,295,19
Odaimis Naomis Leliebre Palma,16/01/2001,19,175,70,228.0,226,17
Laura Beatriz Suarez Hernandez,13/12/1998,22,185,75,304.0,292,20
Thalia Moreno Reyes,10/04/2002,18,189,76,315.0,308,16
Heidy Margarita Rodriguez Lopez,24/06/1993,27,187,66,312.0,308,25
Egli Sabin Terry,25/11/1991,29,187,76,315.0,308,27
Daima Del Rió Preval,09/09/2000,20,180,77,236.0,234,18
Yaimaris De Los Angeles Garcia Victoria,03/12/2002,18,183,73,265.0,258,16
Ivy May Vila Wittingham,22/07/2001,19,181,78,235.0,232,17
Serena Ortolani,07/01/1987,33,187,63,320.0,240,31
Laura Melandri,31/01/1995,25,184,60,305.0,236,23
Carlotta Cambi,28/05/1996,24,177,66,302.0,292,22
Rachele Morello,07/11/2000,20,185,77,295.0,274,18
Ofelia Malinov,29/02/1996,24,185,70,304.0,285,22
Monica De Gennaro,08/01/1987,33,174,67,292.0,217,31
Sylvia Chinelo Nwakalor,12/08/1999,21,180,70,330.0,312,19
Alessia Orro,18/07/1998,22,180,74,308.0,231,20
Caterina Bosetti,02/02/1994,26,179,59,299.0,281,24
Cristina Chirichella,10/02/1994,26,194,79,322.0,306,24
Anna Danesi,20/04/1996,24,198,78,312.0,294,22
Anastasia Guerra,15/10/1996,24,187,69,312.0,294,22
Sarah Luisa Fahr,12/09/2001,19,194,84,322.0,306,17
Elena Pietrini,17/03/2000,20,190,73,330.0,306,18
Marina Lubian,11/04/2000,20,195,73,318.0,300,18
Lucia Bosetti,09/07/1989,31,178,63,310.0,292,29
Miryam Fatime Sylla,08/01/1995,25,184,80,320.0,240,23
Paola Ogechi Egonu,18/12/1998,22,193,80,344.0,321,20
Camilla Mingardi,19/10/1997,23,182,86,300.0,280,21
Beatrice Parrocchiale,26/12/1995,25,168,59,286.0,258,23
Chiara De Bortoli,28/07/1997,23,177,61,308.0,286,21
Anna Nicoletti,03/01/1996,24,193,86,306.0,290,22
Gizem Orge,26/04/1993,27,170,59,270.0,260,25
Simge Sebnem Akoz,23/04/1991,29,168,56,250.0,245,27
Cansu Özbay,17/10/1996,24,182,78,298.0,290,22
Beyza Arici,27/07/1995,25,193,83,303.0,294,23
Seyma Ercan,05/07/1994,26,187,73,305.0,294,24
Saliha Sahin,05/11/1998,22,185,62,282.0,275,20
Hande Baladin,01/09/1997,23,190,81,309.0,300,21
Tugba Senoglu,02/02/1998,22,184,64,275.0,270,20
Meliha Ismailoglu,17/09/1993,27,188,73,303.0,291,25
Çagla Akin,19/01/1995,25,177,70,300.0,280,23
Meryem Boz,03/02/1988,32,190,68,323.0,313,30
Eda Erdem Dündar,22/06/1987,33,188,74,307.0,297,31
Ebrar Karakurt,17/01/2000,20,196,73,315.0,304,18
Cansu Aydinogullari,18/02/1992,28,183,70,275.0,270,26
Zehra Gunes,07/07/1999,21,197,88,319.0,310,19
Asli Kalac,13/12/1995,25,185,73,306.0,297,23
Aylin Sarioğlu,21/07/1995,25,169,68,300.0,290,23
Asl?Han Kilic,21/04/1998,22,178,71,278.0,277,20
Kubra Caliskan,13/10/1994,26,198,86,310.0,310,24
Derya Cebecioglu,24/10/2000,20,185,65,290.0,280,18
Güldeniz Önal,25/03/1986,34,183,75,302.0,293,32
İlkin Aydin,05/01/2000,20,183,67,300.0,284,18
Jeyran Imanova,03/01/1995,25,165,51,250.0,242,23
Yana Azimova,05/07/1994,26,176,65,290.0,285,24
Anastasiya Gurbanova,04/12/1989,31,190,73,305.0,290,29
Leyla Parshkova,19/08/1998,22,174,57,230.0,225,20
Odina Aliyeva,22/05/1990,30,186,82,315.0,295,28
Ayshan Abdulazimova,11/04/1993,27,182,68,265.0,260,25
Olena Hasanova,25/11/1995,25,187,72,305.0,300,23
Yelyzaveta Samadova,03/03/1995,25,185,72,305.0,290,23
Natalya Mammadova,02/12/1984,36,196,78,319.0,302,34
Jana Kulan,07/07/1987,33,195,76,318.0,302,31
Katerina Zhidkova,28/09/1989,31,187,68,298.0,285,29
Valeriya Mammadova,29/01/1984,36,171,62,260.0,255,34
Krystsina Yagubova,13/02/1996,24,184,69,295.0,285,22
Aynur Imanova,07/12/1988,32,189,66,290.0,280,30
Iuliia Karimova,07/02/1988,32,176,56,260.0,255,30
Polina Rahimova,05/06/1990,30,195,73,307.0,290,28
Shafagat Alishanova,03/08/1991,29,178,63,287.0,280,27
Bayaz Aliyeva,09/06/1990,30,176,65,290.0,285,28
Marharyta Azizova,25/04/1993,27,186,70,305.0,300,25
Kseniya Pavlenko,30/08/1993,27,181,76,300.0,297,25
Maryia Kiryliuk,16/02/1995,25,187,83,305.0,290,23
Eunjin Park,15/12/1999,21,187,74,293.0,283,19
Juah Lee,21/08/2000,20,185,69,282.0,272,18
Hoyoung Jung,23/08/2001,19,190,70,285.0,260,17
Minkyoung Hwang,02/06/1990,30,174,64,290.0,282,28
Hyo Hee Lee,09/09/1980,40,173,58,272.0,252,38
Nayeon Lee,25/03/1992,28,173,62,261.0,241,26
Hae Ran Kim,16/03/1984,36,168,60,270.0,250,34
Myungok Yim,05/05/1986,34,175,62,273.0,253,32
Jiyoung Oh,11/07/1988,32,170,63,267.0,247,30
Yeon Koung Kim,26/02/1988,32,192,73,330.0,320,30
Su Ji Kim,11/07/1987,33,187,68,283.0,273,31
Soyoung Lee,17/10/1994,26,176,68,279.0,269,24
Jeongah Park,26/03/1993,27,187,75,300.0,290,25
Hyo Jin Yang,14/12/1989,31,190,72,340.0,338,29
Sohwi Kang,18/07/1997,23,180,65,286.0,276,21
Jae-Eun Lee,11/03/1987,33,176,63,274.0,272,31
Jaeyeong Lee,15/10/1996,24,178,65,289.0,279,22
Sooji Han,01/02/1989,31,182,72,285.0,275,29
Dayeong Lee,15/10/1996,24,180,63,291.0,271,22
Hyun Jung Na,10/03/1990,30,163,54,257.0,250,28
Yerim Go,12/06/1994,26,177,61,282.0,272,24
Yeongyeon Kim,01/12/1993,27,163,54,267.0,247,25
Yana Shcherban,06/09/1989,31,185,71,298.0,294,29
Daria Talysheva,16/10/1991,29,182,67,295.0,288,27
Ekaterina Efimova,03/07/1993,27,192,70,305.0,295,25
Natalia Krotkova,01/07/1992,28,185,65,305.0,295,26
Iuliia Kutiukova,30/03/1989,31,183,74,296.0,299,29
Irina Koroleva,04/10/1991,29,196,78,305.0,290,27
Tatiana Romanova,09/09/1994,26,180,69,290.0,275,24
Nataliya Goncharova,01/06/1989,31,194,75,315.0,306,29
Alla Galkina,15/04/1992,28,178,65,295.0,290,26
Ekaterina Pankova,02/02/1990,30,178,64,290.0,285,28
Ekaterina Lyubushkina,02/01/1990,30,188,81,300.0,285,28
Daria Ryseva,05/03/1998,22,175,69,282.0,266,20
Evgeniya Startseva,12/02/1989,31,185,68,294.0,290,29
Irina Fetisova,07/09/1994,26,190,76,307.0,286,24
Irina Voronkova,20/10/1995,25,190,84,305.0,290,23
Natalia Malykh,08/12/1993,27,187,65,308.0,297,25
Kseniia Parubets,31/10/1994,26,183,64,300.0,286,24
Olga Biryukova,19/09/1994,26,193,74,300.0,283,24
Daria Malygina,04/04/1994,26,202,82,317.0,305,24
Anna Kotikova,13/10/1999,21,185,71,306.0,300,19
Angelina Lazarenko,13/04/1998,22,193,80,320.0,305,20
Ekaterina Ulanova,05/08/1986,34,172,61,298.0,290,32
Wipawee Srithong,28/01/1999,21,174,65,288.0,266,19
Piyanut Pannoy,10/11/1989,31,171,62,280.0,275,29
Pornpun Guedpard,05/05/1993,27,170,63,288.0,279,25
Thatdao Nuekjang,03/02/1994,26,184,72,308.0,296,24
Pleumjit Thinkaow,09/11/1983,37,180,67,303.0,283,35
Onuma Sittirak,13/06/1986,34,175,72,304.0,285,32
Hattaya Bamrungsuk,12/08/1993,27,180,71,292.0,282,25
Watchareeya Nuanjam,22/07/1996,24,177,64,292.0,279,22
Jarasporn Bundasak,01/03/1993,27,181,65,291.0,283,25
Wilavan Apinyapong,06/06/1984,36,174,70,294.0,282,34
Wanitchaya Luangtonglang,08/10/1992,28,177,60,300.0,275,26
Tapaphaipun Chaisri,29/11/1989,31,168,70,295.0,276,29
Nootsara Tomkom,07/07/1985,35,169,57,289.0,278,33
Chitaporn Kamlangmak,17/03/1996,24,184,74,290.0,282,22
Malika Kanthong,08/01/1987,33,178,65,292.0,278,31
Pimpichaya Kokram,16/06/1998,22,178,62,293.0,283,20
Tichaya Boonlert,14/02/1997,23,179,64,293.0,284,21
Ajcharaporn Kongyot,18/06/1995,25,178,65,298.0,287,23
Chatchu-On Moksri,06/11/1999,21,178,58,298.0,290,19
Supattra Pairoj,27/06/1990,30,160,58,275.0,265,28
Thanacha Sooksod,26/05/2000,20,180,70,283.0,275,18
Hathairat Jarat,09/02/1996,24,182,65,286.0,277,22
Hannah Floyd,26/04/1997,23,183,58,309.0,304,21
Jalicia Ross,26/07/1984,36,185,72,308.0,270,34
Channon Thompson,29/03/1994,26,181,72,289.0,277,24
Kelly-Anne Billingy,15/05/1986,34,190,87,316.0,303,32
Delicia Pierre,11/10/1991,29,180,79,301.0,285,27
Sinead Jack,08/11/1993,27,198,82,310.0,304,25
Kiune Fletcher,14/05/2002,18,181,64,300.0,265,16
Darlene Ramdin,05/08/1989,31,187,89,286.0,281,29
Taija Thomas,24/10/1996,24,183,66,315.0,280,22
Afesha Olton,22/05/1992,28,165,60,200.0,185,26
Renele Forde,06/08/1990,30,190,82,304.0,295,28
Mikela Mc Gillvery,16/11/1999,21,192,88,260.0,250,19
Rejeanne Wallace,14/05/1996,24,176,76,307.0,301,22
Latisha Morain,28/06/1997,23,165,65,185.0,175,21
Krystle Esdelle,01/08/1984,36,186,67,329.0,299,34
Shakeema Lake,25/08/2000,20,180,70,304.0,290,18
Alexis Aaliyah,20/08/1999,21,181,68,286.0,273,19
Afiya Alexander,15/04/2001,19,177,59,220.0,210,17
Rayquelle Dickson,22/10/2001,19,161,56,272.0,270,17
Gabriella Supersad,07/01/2000,20,160,59,205.0,200,18
Micha Hancock,10/11/1992,28,180,75,305.0,297,26
Carli Lloyd,06/08/1989,31,180,75,313.0,295,29
Rachael Adams,03/06/1990,30,188,79,318.0,307,28
Tetori Dixon,04/08/1992,28,191,83,306.0,295,26
Lauren Carlini,28/02/1995,25,185,75,302.0,295,23
Lauren Gibbemeyer,08/09/1988,32,187,71,307.0,293,30
Madison Kingdon Rishel,20/04/1993,27,183,75,307.0,298,25
Jordan Larson,16/10/1986,34,188,75,302.0,295,32
Andrea Drews,25/12/1993,27,191,77,316.0,312,25
Kelly Murphy,20/10/1989,31,188,79,315.0,307,29
Sarah Wilhite,30/07/1995,25,185,75,305.0,300,23
Michelle Bartsch-Hackley,12/02/1990,30,190,78,305.0,296,28
Kimberly Hill,30/11/1989,31,193,72,320.0,310,29
Foluke Akinradewo,05/10/1987,33,191,79,331.0,300,31
Megan Courtney,27/10/1993,27,185,61,314.0,300,25
Hannah Tapp,21/06/1995,25,191,77,297.0,290,23
Amanda Benson,09/03/1995,25,169,63,265.0,257,23
Simone Lee,07/10/1996,24,186,70,310.0,305,22
Haleigh Washington,22/09/1995,25,190,82,307.0,295,23
Kelsey Robinson,25/06/1992,28,188,73,307.0,298,26
Karsta Lowe,02/02/1993,27,194,75,315.0,305,25
Chiaka Ogbogu,15/04/1995,25,188,73,318.0,307,23
Gabriella Souza,14/12/1993,27,175,69,296.0,273,25
Mara Ferreira Leao,26/07/1991,29,190,84,320.0,301,27
Danielle Lins,05/01/1985,35,181,68,290.0,276,33
Ana Carolina Da Silva,08/04/1991,29,183,73,290.0,290,27
Adenizia Da Silva,18/12/1986,34,185,63,312.0,290,32
Thaisa Daher De Menezes,15/05/1987,33,196,79,316.0,301,31
Rosamaria Montibeller,09/04/1994,26,185,76,291.0,285,24
Fernanda Tomé,10/12/1989,31,195,78,295.0,291,29
Roberta Silva Ratzke,28/04/1990,30,185,71,287.0,278,28
Gabriela Braga Guimaraes,19/05/1994,26,180,65,305.0,289,24
Claudia Bueno Da Silva,21/09/1987,33,181,80,290.0,266,31
Natalia Pereira,04/04/1989,31,186,83,311.0,295,29
Amanda Francisco,16/08/1988,32,180,62,304.0,286,30
Drussyla Costa,01/07/1996,24,182,73,304.0,286,22
Monique Marinho Pavao,31/10/1986,34,178,67,294.0,285,32
Fernanda Rodrigues,10/05/1986,34,179,74,308.0,288,32
Suelen Pinto,04/10/1987,33,166,81,256.0,238,31
Natália Araujo,10/04/1997,23,162,59,228.0,215,21
Tandara Caixeta,30/10/1988,32,184,87,305.0,297,30
Ana Beatriz Correa,07/02/1992,28,187,70,298.0,292,26
Mariana Costa,30/07/1986,34,181,73,295.0,283,32
Macris Fernanda Silva Carneiro,03/03/1989,31,178,64,292.0,275,29
Annerys Victoria Vargas Valdez,07/08/1981,39,196,70,327.0,320,37
Lisvel Elisa Eve Mejia,10/09/1991,29,194,70,325.0,315,27
Marianne Fersola Norberto,16/01/1992,28,191,60,315.0,310,26
Brenda Castillo,05/06/1992,28,167,55,245.0,230,26
Camil Inmaculada Dominguez Martinez,07/12/1991,29,176,75,285.0,270,27
Niverka Dharlenis Marte Frica,19/10/1990,30,178,71,295.0,283,28
Candida Estefany Arias Perez,11/03/1992,28,194,68,320.0,315,26
Natalia Martinez,25/11/2000,20,186,71,310.0,300,18
Marifranchi Rodriguez,29/08/1990,30,184,68,310.0,300,28
Yokaty Perez Flores,06/08/1998,22,178,79,291.0,257,20
Madeline Jazmin Guillen Paredes,04/06/2001,19,186,74,273.0,242,17
Prisilla Rivera Brens,29/12/1984,36,183,67,309.0,305,34
Yonkaira Paola Peña Isabel,10/05/1993,27,190,70,320.0,310,25
Gina Altagracia Mambru Casilla,21/01/1986,34,182,65,330.0,315,32
Bethania De La Cruz De Peña,13/05/1987,33,188,70,330.0,320,31
Ana Yorkira Binet Stephens,09/02/1992,28,174,58,280.0,260,26
Brayelin Elizabeth Martinez,11/09/1996,24,201,83,330.0,320,22
Jineiry Martinez,03/12/1997,23,190,68,305.0,280,21
Yaneirys Rodriguez Duran,26/06/2000,20,171,56,280.0,251,18
Gaila Ceneida Gonzalez Lopez,25/06/1997,23,188,73,304.0,276,21
Vielka Michelle Peralta Luna,13/04/1999,21,186,56,310.0,305,19
Larysmer Martinez Caro,18/10/1996,24,174,68,288.0,258,22
Tatyana Fendrikova,23/02/1990,30,169,55,280.0,275,28
Sana Anarkulova,21/07/1989,31,188,77,300.0,280,29
Yekaterina Zhdanova,28/05/1992,28,183,65,280.0,270,26
Marina Storozhenko,06/06/1985,35,175,57,290.0,280,33
Natalya Akilova,31/05/1993,27,183,62,295.0,275,25
Inna Yakovleva,04/03/1988,32,177,65,208.0,217,30
Korinna Ishimtseva,08/02/1984,36,187,69,300.0,290,34
Olga Drobyshevskaya,22/09/1985,35,185,75,305.0,293,33
Aliya Sadykova,01/08/1988,32,174,63,293.0,281,30
Katerina Tatko,15/12/1992,28,182,70,285.0,275,26
Yana Petrenko,30/07/1990,30,181,71,297.0,265,28
Radmila Beresneva,06/06/1983,37,185,70,300.0,295,35
Alessya Safronova,10/02/1986,34,192,70,290.0,280,32
Aliya Batkuldina,18/11/1995,25,181,74,273.0,264,23
Yekaterina Razorenkova,03/06/1993,27,185,69,283.0,280,25
Alla Bogdashkina,22/08/1985,35,185,65,275.0,270,33
Kristina Anikonova,05/01/1991,29,183,73,295.0,285,27
Kristina Belova,29/11/1998,22,182,72,244.0,285,20
Sabina Altynbekova,05/11/1996,24,182,59,280.0,269,22
Zhanna Syroeshkina,04/06/1999,21,182,77,244.0,232,19
Yana Yagodina,24/01/1993,27,182,69,300.0,285,25
Kristina Karapetan,03/08/1992,28,185,73,280.0,272,26
Jane Wacu Wairimu,24/03/1985,35,175,60,299.0,286,33
Christine Psiwa,01/04/1992,28,175,62,301.0,298,26
Violet Makuto,20/05/1993,27,167,65,298.0,290,25
Leonida Kasaya,10/10/1993,27,168,67,297.0,292,25
Sharon Chepchumba Kiprono,26/10/1998,22,183,82,293.0,281,20
Joy Lusenaka,25/02/1991,29,180,62,302.0,290,27
Janet Wanja,24/02/1984,36,175,59,299.0,287,34
Trizah Atuka,14/04/1992,28,188,65,298.0,293,26
Elizabeth Wanyama,27/05/1987,33,174,68,270.0,260,31
Noel Murambi,29/01/1989,31,178,68,302.0,297,29
Celestine Nafula,09/07/1996,24,150,52,255.0,200,22
Pamela Jepkirui,08/02/1996,24,175,69,260.0,233,22
Naomie Too,24/04/1992,28,184,75,293.0,290,26
Mercy Moim,01/01/1989,31,183,72,320.0,308,29
Lorine Chebet Kaei,08/10/1999,21,179,69,285.0,270,19
Agripina Kundu,24/04/1993,27,165,66,294.0,288,25
Gaudencia Makokha,15/11/1992,28,187,68,280.0,270,26
Emmaculate Chemtai,14/10/1993,27,180,68,300.0,285,25
Edith Mukuvilani,20/07/1994,26,184,72,298.0,292,24
Everlyne Makuto,25/08/1990,30,181,64,328.0,308,28
Nancy Mulonza,29/03/1983,37,175,68,280.0,287,35
Carolyne Sirengo,04/11/1997,23,179,70,280.0,240,21
Daly Santana,19/02/1995,25,182,72,272.0,267,23
Shara Venegas,18/09/1992,28,172,58,280.0,270,26
Valeria A. Leon,21/11/1995,25,166,67,248.0,242,23
Raymariely Santos,13/04/1992,28,183,72,290.0,288,26
Julymar Lorelys Otero Perez,31/10/1996,24,177,65,235.0,239,22
Lynda Morales,20/05/1988,32,188,74,302.0,296,30
Stephanie Enright,15/12/1990,30,179,56,300.0,292,28
Jennifer Nogueras,01/08/1991,29,185,88,299.0,292,27
Aurea Cruz,10/01/1982,38,180,63,310.0,290,36
Jennifer Quesada,22/02/1992,28,188,71,299.0,295,26
Karina Ocasio,01/08/1985,35,192,76,298.0,288,33
Neira Ortiz,06/07/1993,27,192,68,262.0,256,25
Shirley Ferrer,23/06/1991,29,180,63,290.0,293,27
Natalia Valentin,12/09/1989,31,170,61,244.0,240,29
Jenselyn Morales,07/06/1999,21,183,63,247.0,242,19
Noami Santos,29/11/1993,27,192,63,309.0,300,25
Alba Hernandez,03/10/1994,26,207,87,305.0,293,24
Ana Sofia Jusino,05/01/1994,26,189,65,310.0,294,24
Sofia Victoria,03/05/2002,18,180,69,284.0,279,16
Pilar Marie Victoria,11/10/1995,25,182,53,301.0,268,23
Adriana Vinas Joy,01/03/1994,26,178,74,245.0,237,24
Diana Reyes,29/04/1993,27,191,80,303.0,299,25
Bianka Busa,25/07/1994,26,187,74,312.0,298,24
Katarina Lazovic,12/09/1999,21,182,65,290.0,277,19
Sanja Malagurski,08/06/1990,30,193,74,305.0,295,28
Bojana Drca,29/03/1988,32,186,70,298.0,283,30
Maja Savic,14/08/1993,27,189,70,305.0,295,25
Tijana Malesevic,18/03/1991,29,185,78,300.0,286,27
Ana Antonijevic,26/08/1987,33,185,71,282.0,269,31
Sladjana Mirkovic,07/10/1995,25,185,78,293.0,283,23
Brankica Mihajlovic,13/04/1991,29,190,83,302.0,290,27
Maja Ognjenovic,06/08/1984,36,183,67,300.0,293,34
Stefana Veljkovic,09/01/1990,30,190,76,325.0,310,28
Teodora Pusic,12/03/1993,27,170,58,270.0,260,25
Ana Bjelica,03/04/1992,28,190,78,310.0,305,26
Maja Aleksic,06/06/1997,23,188,72,302.0,289,21
Jovana Stevanovic,30/06/1992,28,192,72,308.0,295,26
Milena Rasic,25/10/1990,30,193,72,315.0,310,28
Silvija Popovic,15/03/1986,34,178,65,286.0,276,32
Tijana Boškovic,08/03/1997,23,193,82,315.0,300,21
Bojana Milenkovic,06/03/1997,23,185,70,294.0,288,21
Ana Zivojinovic,04/07/1991,29,186,74,280.0,268,27
Jovana Kocic,24/02/1998,22,190,85,290.0,285,20
Sara Lozo,29/04/1997,23,186,61,295.0,290,21
